<environmentvariabledefinition schemaname="cashapps_dictAccounts">
  <apiid>/providers/microsoft.powerapps/apis/shared_sharepointonline</apiid>
  <description default="SharePoint list used as dictionary for dropdowns in the app">
    <label description="SharePoint list used as dictionary for dropdowns in the app" languagecode="1033" />
  </description>
  <displayname default="SharePoint List (dictAccounts)">
    <label description="SharePoint List (dictAccounts)" languagecode="1033" />
  </displayname>
  <introducedversion>1.0.0.0</introducedversion>
  <iscustomizable>1</iscustomizable>
  <isrequired>0</isrequired>
  <parameterkey>table</parameterkey>
  <parentdefinitionid>
    <schemaname>cashapps_SharepointSite</schemaname>
  </parentdefinitionid>
  <secretstore>0</secretstore>
  <type>100000004</type>
</environmentvariabledefinition>