<environmentvariabledefinition schemaname="cashapps_dbReportedData">
  <apiid>/providers/microsoft.powerapps/apis/shared_sharepointonline</apiid>
  <description default="SharePoint list used as database to all reported data">
    <label description="SharePoint list used as database to all reported data" languagecode="1033" />
  </description>
  <displayname default="SharePoint List (dbReportedData)">
    <label description="SharePoint List (dbReportedData)" languagecode="1033" />
  </displayname>
  <introducedversion>1.0.0.0</introducedversion>
  <iscustomizable>1</iscustomizable>
  <isrequired>0</isrequired>
  <parameterkey>table</parameterkey>
  <parentdefinitionid>
    <schemaname>cashapps_SharepointSite</schemaname>
  </parentdefinitionid>
  <secretstore>0</secretstore>
  <type>100000004</type>
</environmentvariabledefinition>