<environmentvariabledefinition schemaname="cashapps_SharepointSite">
  <apiid>/providers/microsoft.powerapps/apis/shared_sharepointonline</apiid>
  <description default="Add URL of SharePoint site where lists are stored">
    <label description="Add URL of SharePoint site where lists are stored" languagecode="1033" />
  </description>
  <displayname default="Sharepoint Site (CashAppsTracker)">
    <label description="Sharepoint Site (CashAppsTracker)" languagecode="1033" />
  </displayname>
  <introducedversion>1.0.0.0</introducedversion>
  <iscustomizable>1</iscustomizable>
  <isrequired>0</isrequired>
  <parameterkey>dataset</parameterkey>
  <secretstore>0</secretstore>
  <type>100000004</type>
</environmentvariabledefinition>